name,line
Kanye,"Sing 'til the power of the Lord comes down
"
Kanye,"God is King, we the soldiers
"
Kanye,"Ultrabeam out the solar
"
Kanye,"When I get to Heaven's gates
"
Kanye,"I ain‚Äôt gotta peek over
"
Kanye,"Keepin' perfect composure
"
Kanye,"When I scream at the chauffeur
"
Kanye,"I ain't mean, I‚Äôm just focused
"
Kanye,"I ain't mean, I'm just focused
"
Kanye,"Pour the lean out slower
"
Kanye,"Got us clean out of soda
"
Kanye,"Before the flood, people judge
"
Kanye,"They did the same thing to Noah
"
Kanye,"Everybody wanted Yandhi
"
Kanye,"Then Jesus Christ did the laundry
"
Kanye,"They say the week start on Monday
"
Kanye,"But the strong start on Sunday
"
Kanye,"Won't be in bondage to any man
"
Kanye,"John 8:33
"
Kanye,"We the descendants of Abraham
"
Kanye,"Ye should be made free
"
Kanye,"John 8:36
"
Kanye,"To whom the son set free is free indeed
"
Kanye,"He saved a wretch like me
"
Kanye,"Hallelujah, hallelujah, hallelujah, hallelujah
"
Kanye,"Hallelujah, He is wonderful
"
Kanye,"If you woke, then wake up
"
Kanye,"With Judas, kiss and make up
"
Kanye,"Even with the bitter cup
"
Kanye,"Forgave my brothers and drank up
"
Kanye,"Did everything but gave up
"
Kanye,"Stab my back, I can't front
"
Kanye,"Still we win, we prayed up
"
Kanye,"Ain't no wantin', no, we need it
"
Kanye,"The powers that be done been greedy
"
Kanye,"We need ours by this evening
"
Kanye,"No white flag or no treaty
"
Kanye,"We got the product, we got the tools
"
Kanye,"We got the minds, we got the youth
"
Kanye,"We goin' wild, we on the loose
"
Kanye,"People is lying, we are the truth
"
Kanye,"Everything old shall now become new
"
Kanye,"The leaves‚Äôll be green, bearing the fruit
"
Kanye,"Love God and our neighbor, as written in Luke
"
Kanye,"The army of God and we are the truth
"
Kanye,"Wah, woo, wah, woo, woo, woo, woo, woo
"
Kanye,"Woo, woo, woo, woo, woo, woo, woo, woo
"
Kanye,"Wah, woo, wah, woo, woo, woo, woo
"
Kanye,"Father, I stretch
"
Kanye,"Stretch my hands to You
"
Kanye,"Lifelike, this is what your life like, try to live your life right
"
Kanye,"People really know you, push your buttons like typewrite
"
Kanye,"This is like a movie, but it's really very lifelike
"
Kanye,"Every single night, right, every single fight, right?
"
Kanye,"I was looking at the 'Gram and I don't even like likes
"
Kanye,"I was screamin' at my dad, he told me, ""It ain't Christ-like""
"
Kanye,"I was screamin' at the referee just like Mike
"
Kanye,"Lookin' for a bright light, Sigel, what your life like
"
Kanye,"Pressin' on the gas, supernova for a night light
"
Kanye,"Screamin' at my dad and he told me, ""It ain't Christ-like""
"
Kanye,"But nobody never tell you when you're being like Christ
"
Kanye,"Only ever seein' me only when they needin' me
"
Kanye,"Like if Tyler Perry made a movie for BET
"
Kanye,"Searchin' for a deity, now you wanna see it free
"
Kanye,"Now you wanna see if we, let's just see if three apiece
"
Kanye,"Tell me what your life like, turn it down, a bright light
"
Kanye,"I'm just tryna find, l've been lookin' for a new way
"
Kanye,"I'm just really tryin' not to really do the fool way
"
Kanye,"I don't have a cool way, bein' on my best, though
"
Kanye,"Block 'em on the text though, nothin' else next though
"
Kanye,"Wrestlin' with God, I don't really want to wrestle
"
Kanye,"Arguing with my dad, and he said, ""It ain't Christ-like""
"
Kanye,"Man
"
Kanye,"You know, it's like
"
Kanye,"Somebody only close who can get you, like, off your
"
Kanye,"I be on my
"
Kanye,"I woke up this morning, I said my prayers
"
Kanye,"Give him some advice, he starts spazzin' on me
"
Kanye,"I start spazzin' back, He said ""That ain't Christ-like""
"
Kanye,"I said, ""Ahhh""
"
Kanye,"Closed on Sunday, you're my Chick-fil-A
"
Kanye,"Closed on Sunday, you my Chick-fil-A
"
Kanye,"Hold the selfies, put the 'Gram away
"
Kanye,"Get your family, y'all hold hands and pray
"
Kanye,"When you got daughters, always keep 'em safe
"
Kanye,"Watch out for vipers, don't let them indoctrinate
"
Kanye,"You're my number one, with the lemonade
"
Kanye,"Raise our sons, train them in the faith
"
Kanye,"Through temptations, make sure they're wide awake
"
Kanye,"Follow Jesus, listen and obey
"
Kanye,"No more livin' for the culture, we nobody's slave
"
Kanye,"Stand up for my home
"
Kanye,"Even if I take this walk alone
"
Kanye,"I bow down to the King upon the throne
"
Kanye,"My life is His, I'm no longer my own
"
Kanye,"I pray to God that He'll strengthen my hand
"
Kanye,"They will think twice steppin' onto my land
"
Kanye,"I draw the line, it's written in the sand
"
Kanye,"Try me and you will see that I ain't playin'
"
Kanye,"Now, back up off my family, move your hands
"
Kanye,"I got my weapons in the spirit's land
"
Kanye,"I, Jezebel don't even stand a chance
"
Kanye,"Jezebel don't even stand a chance
"
Kanye,"Chick-fil-A
"
Kanye,"Yo, Pi'erre, yo, Pi'erre
"
Kanye,"""How you get so much favor on your side?""
"
Kanye,"""Accept Him as your Lord and Saviour,"" I replied
"
Kanye,"Thou shalt love thy neighbor, not divide
"
Kanye,"I'ma ride, that's on God
"
Kanye,"His light shine the brightest in the dark
"
Kanye,"Single mothers know they got my heart
"
Kanye,"And all my brothers locked up on the yard
"
Kanye,"You can still be anything you wanna be
"
Kanye,"Went from one in four to one in three
"
Kanye,"Thirteenth amendment, gotta end it, that's on me
"
Kanye,"He the new commander and the chief
"
Kanye,"That's on Keef, that's on God
"
Kanye,"Before the ranch, I had horses in the garage
"
Kanye,"When the Forbes cover was just a mirage
"
Kanye,"They had me chasin' statues, that's on pride
"
Kanye,"""Oh my God,"" Bust said that's on Tribe
"
Kanye,"When I thought the Book of Job was a job
"
Kanye,"The Devil had my soul, I can't lie
"
Kanye,"Life gon' have some lows and some highs
"
Kanye,"Before the Grammy's ever gave a nod
"
Kanye,"I wore my heart on my sleeve, I couldn't hide
"
Kanye,"In '03, they told me not to drive
"
Kanye,"I bleached my hair for every time I could've died
"
Kanye,"But I survived, that's on God
"
Kanye,"I've been tellin' y'all since '05
"
Kanye,"The greatest artist restin' or alive
"
Kanye,"That's on L.A. Reid, that's on Clive
"
Kanye,"That's no Jive, that's on God
"
Kanye,"Off the 350s He supplied
"
Kanye,"The IRS want they fifty plus our tithe
"
Kanye,"Man, that's over half of the pie
"
Kanye,"I felt dry, that's on God
"
Kanye,"That's why I charge the prices that I charge
"
Kanye,"I can't be out here dancin' with the stars
"
Kanye,"No, I cannot let my family starve
"
Kanye,"I go hard, that's on God
"
Kanye,"Okay, okay, okay, okay
"
Kanye,"We began after the storm inside
"
Kanye,"Woo, woo, oh yeah
"
Kanye,"Woo-ooh, ooh-ooh
"
Kanye,"Switch your‚Å†, switch your attitude
"
Kanye,"Go 'head, level up yourself
"
Kanye,"This that different latitude
"
Kanye,"Ooh-ooh, ooh-ooh
"
Kanye,"Life too short, go spoil yourself
"
Kanye,"Feel that feel, enjoy yourself 'cause
"
Kanye,"We have everything we need
"
Kanye,"Switch my, switch my attitude
"
Kanye,"I'm so, I'm so radical
"
Kanye,"All these people mad at dude
"
Kanye,"This for who it matter to
"
Kanye,"What if Eve made apple juice?
"
Kanye,"You gon' do what Adam do?
"
Kanye,"Or say, ""Baby, let's put this back on the tree"" 'cause
"
Kanye,"Well, right
"
Kanye,"So, so well
"
Kanye,"So, so
"
Kanye,"High as the sun come out
"
Kanye,"Plannin'
"
Kanye,"Bootin'
"
Kanye,"Movin'
"
Kanye,"Tubin', there
"
Kanye,"Well, well
"
Kanye,"Clean us like the rain in spring
"
Kanye,"Take the chlorine out our conversation
"
Kanye,"Let Your light reflect on me
"
Kanye,"I promise I'm not hiding anything
"
Kanye,"It's water
"
Kanye,"We are water
"
Kanye,"Pure as water
"
Kanye,"Like a newborn daughter
"
Kanye,"The storm may come
"
Kanye,"But we'll get through it because of Your love
"
Kanye,"Either way, we crash like water
"
Kanye,"Your love's water
"
Kanye,"Jesus, flow through us
"
Kanye,"Jesus, heal the bruises
"
Kanye,"Jesus, clean the music
"
Kanye,"Jesus, please use us
"
Kanye,"Jesus, please help
"
Kanye,"Jesus, please heal
"
Kanye,"Jesus, please forgive
"
Kanye,"Jesus, please reveal
"
Kanye,"Jesus, give us strength
"
Kanye,"Jesus, make us well
"
Kanye,"Jesus, help us live
"
Kanye,"Jesus, give us wealth
"
Kanye,"Jesus is our safe
"
Kanye,"Jesus is our rock
"
Kanye,"Jesus, give us grace
"
Kanye,"Jesus, keep us safe
"
Kanye,"God is
"
Kanye,"My light in darkness, oh
"
Kanye,"God, God is
"
Kanye,"Everything that hath breath praise the Lord
"
Kanye,"Worship Christ with the best of your portions
"
Kanye,"I know I won't forget all He's done
"
Kanye,"He's the strength in this race that I run
"
Kanye,"Every time I look up, I see God's faithfulness
"
Kanye,"And it shows just how much He is miraculous
"
Kanye,"I can't keep it to myself, I can't sit here and be still
"
Kanye,"Everybody, I will tell 'til the whole world is healed
"
Kanye,"King of Kings, Lord of Lords, all the things He has in store
"
Kanye,"From the rich to the poor, all are welcome through the door
"
Kanye,"You won't ever be the same when you call on Jesus' name
"
Kanye,"Listen to the words I'm sayin', Jesus saved me, now I'm sane
"
Kanye,"And I know, I know God is the force that picked me up
"
Kanye,"I know Christ is the fountain that filled my cup
"
Kanye,"I know God is alive, yeah
"
Kanye,"He has opened up my vision
"
Kanye,"Giving me a revelation
"
Kanye,"This ain't 'bout a dead religion
"
Kanye,"Jesus brought a revolution
"
Kanye,"All the captives are forgiven
"
Kanye,"Time to break down all the prisons
"
Kanye,"Every man, every woman
"
Kanye,"There is freedom from addiction
"
Kanye,"Jesus, You have my soul
"
Kanye,"Sunday Service on a roll
"
Kanye,"All my idols, let 'em go
"
Kanye,"All the demons, let 'em know
"
Kanye,"This a mission, not a show
"
Kanye,"This is my eternal soul
"
Kanye,"This my kids, this the crib
"
Kanye,"This my wife, this my life
"
Kanye,"This my God-given right
"
Kanye,"Thank You, Jesus, won the fight
"
Kanye,"That's what God is
"
Kanye,"Hand 'em
"
Kanye,"Hands up high, hands on, hands on
"
Kanye,"Hands on, hands up
"
Kanye,"In your face, the reason
"
Kanye,"Hands on, yeah, hands on
"
Kanye,"Cut out all the lights, He the light
"
Kanye,"Got pulled over, see the brights
"
Kanye,"What you doin' on the street at night?
"
Kanye,"Wonder if they're gonna read your rights
"
Kanye,"Thirteenth Amendment, three strikes
"
Kanye,"Made a left when I should've made a right
"
Kanye,"Told God last time on life
"
Kanye,"Told the devil that I'm going on a strike
"
Kanye,"Told the devil when I see him, on sight
"
Kanye,"I've been working for you my whole life
"
Kanye,"Nothing worse than a hypocrite
"
Kanye,"Change, he ain't really different
"
Kanye,"He ain't even try to get permission
"
Kanye,"Ask for advice and they dissed him
"
Kanye,"Said I'm finna do a gospel album
"
Kanye,"What have you been hearin' from the Christians?
"
Kanye,"They'll be the first one to judge me
"
Kanye,"Make it feel like nobody love me
"
Kanye,"Feelin' like nobody love me
"
Kanye,"Told people God was my mission
"
Kanye,"Make you feel alone in the dark and you'll never see the light
"
Kanye,"Man, you're never seein' home and you never see the domes
"
Kanye,"I can feel it when I write, point of livin' in the right
"
Kanye,"If they only see the wrongs, never listen to the songs
"
Kanye,"Just to listen is a fight, but you booked me for the fight
"
Kanye,"It's so hard to get along if they only see the slight
"
Kanye,"From the love of religion
"
Kanye,"Make it seem like nobody love me
"
Kanye,"I'm not tryna lead you to Visas
"
Kanye,"But if I try to lead you to Jesus
"
Kanye,"We get called halfway believers
"
Kanye,"Only halfway read Ephesians
"
Kanye,"Only if they knew what I knew, uh
"
Kanye,"I was never new 'til I knew of
"
Kanye,"True and living God, Yeshua
"
Kanye,"The true and living God
"
Kanye,"I deserve all the criticism you got
"
Kanye,"If that's all the love you have, that's all you got
"
Kanye,"To sing of change, you think I'm joking
"
Kanye,"To praise His name, you ask what I'm smoking
"
Kanye,"Yes, I understand your reluctancy, yeah
"
Kanye,"But I have a request, you see
"
Kanye,"Don't throw me up, lay your hands on me
"
Kanye,"Please, pray for me
"
Kanye,"Hold myself on death
"
Kanye,"Hold it down, all fallen down
"
Kanye,"Somebody pray for me
"
Kanye,"Oh, oh, oh, oh, oh, oh
"
Kanye,"Oh, oh, oh, oh-oh, oh, oh
"
Kanye,"Use this gospel for protection
"
Kanye,"It's a hard road to Heaven
"
Kanye,"We call on Your blessings
"
Kanye,"In the Father, we put our faith
"
Kanye,"King of the kingdom
"
Kanye,"Our demons are tremblin'
"
Kanye,"Holy angels defendin'
"
Kanye,"How could He not be the greatest?
"
Kanye,"In my bed, under covers when undercovers had raided
"
Kanye,"My presence is happy belated
"
Kanye,"Fashionably late, I'm just glad that you made it
"
Kanye,"The best is yet to come, I'm just glad that you waited
"
Kanye,"They all say they real 'til it's time to appraise it
"
Kanye,"I seen them come and go, you only the latest
"
Kanye,"But who am I to judge? I'm crooked as Vegas
"
Kanye,"A lot of damaged souls, I done damaged those
"
Kanye,"And in my arrogance, took a camera pose
"
Kanye,"Caught with a trunk of Barry Manilows
"
Kanye,"They sing a different tune when the slammer close
"
Kanye,"From the concrete grew a rose
"
Kanye,"They give you Wraith talk, I give you faith talk
"
Kanye,"Blindfolded on this road, watch me faith walk
"
Kanye,"Just hold on to your brother when his faith lost
"
Kanye,"Every knee shall bow
"
Kanye,"Every tongue confess
"
Kanye,"Jesus is Lord
"
Kanye,"I know, I know, I know, I know, know
"
Kanye,"I, I know it, I know it
"
Kanye,"The most beautiful thoughts are always besides the darkest
"
Kanye,"Today, I seriously thought about killing you
"
Kanye,"I contemplated, premeditated murder
"
Kanye,"And I think about killing myself
"
Kanye,"And I love myself way more than I love you, so‚Ä¶
"
Kanye,"Today, I thought about killing you, premeditated murder
"
Kanye,"You'd only care enough to kill somebody you love
"
Kanye,"The most beautiful thoughts are always inside the darkest
"
Kanye,"Just say it out loud to see how it feels
"
Kanye,"People say ""don't say this, don't say that""
"
Kanye,"Just say it out loud, just to see how it feels
"
Kanye,"Weigh all the options, nothing's off the table
"
Kanye,"I think about killing myself
"
Kanye,"And I, I love myself way more than I love you
"
Kanye,"I think this is the part where I'm supposed to say somethin' good to compensate it so it doesn't come off bad
"
Kanye,"But sometimes I think really bad things
"
Kanye,"Really, really, really bad things
"
Kanye,"And I love myself way more than I love you
"
Kanye,"See, if I was tryin' to relate it to more people
"
Kanye,"I'd probably say I'm struggling with loving myself
"
Kanye,"Because that seems like a common theme
"
Kanye,"But that's not the case here
"
Kanye,"I love myself way more than I love you
"
Kanye,"So, best believe, I thought about killing you today
"
Kanye,"Premeditated murder
"
Kanye,"I called up my loved ones, I called up my cousins
"
Kanye,"I called up the Muslims, said I'm 'bout to go dumb
"
Kanye,"Get so bright, it's no sun, get so loud, I hear none
"
Kanye,"Screamed so loud, got no lungs, hurt so bad, I go numb
"
Kanye,"Time to bring in the drums, that prra-pa-pa-pum
"
Kanye,"Set the NewTone on 'em, set the nuke off on 'em
"
Kanye,"I need Coke with no rum, I taste coke on her tongue
"
Kanye,"I don't joke with no one, they'll say ""He died so young""
"
Kanye,"I done had a bad case of too many bad days
"
Kanye,"Got too many bad traits, used the floor for ashtrays
"
Kanye,"I don't do shit halfway, I'ma clear the cache
"
Kanye,"I'ma make my name last, put that on my last name
"
Kanye,"It's a different type of rules that we obey
"
Kanye,"Niggas say they hero, mm, I don't see no cape
"
Kanye,"Mm, I don't see no, mm, yeah, I don't see no, mm, mm
"
Kanye,"If I wasn't shinin' so hard, wouldn't be no shade
"
Kanye,"Sorry, but I chose not to be no slave
"
Kanye,"I thought I was past my Deebo ways
"
Kanye,"Even when I went broke, I ain't break
"
Kanye,"How you gon' hate? Nigga, we go way back
"
Kanye,"To when I had the braids and you had the wave cap
"
Kanye,"Drop a pin for the fade and I'm on my way ASAP
"
Kanye,"Don't get socked in the mouth, you know homie don't play that
"
Kanye,"Pay the fire marshal bill 'cause this shit done got way packed
"
Kanye,"All you gotta do is speak on Ye
"
Kanye,"Don't get your tooth chipped like Frito-Lay
"
Kanye,"Shit could get menacin', frightenin', find help
"
Kanye,"Sometimes I scare myself, myself
"
Kanye,"Sometimes I scare, myself, myself
"
Kanye,"Tweakin', tweakin' off that 2C-B, huh
"
Kanye,"Is he gon' make it? TBD, huh
"
Kanye,"Thought I was gon' run, DMC, huh
"
Kanye,"I done died and lived again on DMT, huh
"
Kanye,"See, this a type of high that won't come down
"
Kanye,"This the type of high that get you gunned down
"
Kanye,"Yeezy, Yeezy trollin' OD, huh
"
Kanye,"Turn TMZ to Smack DVD, huh
"
Kanye,"Russell Simmons wanna pray for me too
"
Kanye,"I'ma pray for him 'cause he got MeToo'd
"
Kanye,"Thinkin' what if that happened to me too
"
Kanye,"Then I'm on E! News
"
Kanye,"Ayy, hospital band a hundred bands, fuck a watch
"
Kanye,"Hundred grand'll make your best friends turn to opps
"
Kanye,"I hear y'all bringin' my name up a lot
"
Kanye,"Guess I just turned the clout game up a notch
"
Kanye,"See, y'all really shocked, but I'm really not
"
Kanye,"You know how many girls I took to the titty shop?
"
Kanye,"If she get the ass with it, that's a 50 pop
"
Kanye,"I still bring the bad bitches in the city out
"
Kanye,"Uh, just a different type of leader
"
Kanye,"We could be in North Korea, I could smoke with Wiz Khalifa, uh
"
Kanye,"Told my wife I've never seen her
"
Kanye,"After I hit it, bye Felicia, that's the way that I'ma leave it up
"
Kanye,"See, this is why all the bitches fuck with Ye!
"
Kanye,"Fuck what they talk about!
"
Kanye,"They take me on meds, off meds, ask yourself
"
Kanye,"Ask your homegirl right now, ""Look, you had a shot at Ye?""
"
Kanye,"You'd drop everything!
"
Kanye,"This is why your bitches fuck with me, huh
"
Kanye,"Smash, she gon' end up on TV, huh
"
Kanye,"Last thing that you ever wanna see, huh
"
Kanye,"I can feel the spirits all around me
"
Kanye,"I think Prince and Mike was tryna warn me
"
Kanye,"They know I got demons all on me
"
Kanye,"Devil been tryna make an army
"
Kanye,"They been strategizin' to harm me
"
Kanye,"They don't know they dealin' with a zombie
"
Kanye,"Niggas been tryna test my Gandhi
"
Kanye,"Just because I'm dressed like Abercrombie
"
Kanye,"You see? You see?
"
Kanye,"That's what I'm talkin' 'bout!
"
Kanye,"That's why I fuck with Ye!
"
Kanye,"See, that's my third per-
"
Kanye,"I'm a superhero! I'm a superhero!
"
Kanye,"Agghhh!
"
Kanye,"Yeah, you supermodel thick
"
Kanye,"Damn, that ass bustin' out the bottom
"
Kanye,"I'ma lose my mind in it
"
Kanye,"Crazy, that medulla oblongata
"
Kanye,"Get to rubbin' on my lamp
"
Kanye,"Get the genie out the bottle
"
Kanye,"Fuck it up, fuck it up
"
Kanye,"Pussy good, go 'n back it up
"
Kanye,"Pipe her up, I'ma pipe her up
"
Kanye,"Make her mine, I done fell in love
"
Kanye,"Juicy thing, make that pussy sing
"
Kanye,"One more time, baby, do it big
"
Kanye,"Make it cry, come boohoo this shit
"
Kanye,"If I pull up with a Kerry Washington
"
Kanye,"That's gon' be an enormous scandal
"
Kanye,"I could have Naomi Campbell
"
Kanye,"And still might want me a Stormy Daniels
"
Kanye,"Sometimes you gotta bag the boss up
"
Kanye,"I call that takin' Corey Gambles
"
Kanye,"Find yourself up in the food court
"
Kanye,"You might have to enjoy a sample
"
Kanye,"All these thots on Christian Mingle
"
Kanye,"Almost what got Tristan single
"
Kanye,"If you don't ball like him or Kobe
"
Kanye,"Guarantee that bitch gonna leave you
"
Kanye,"Ayy, time is extremely valuable
"
Kanye,"And I prefer to waste it on girls that's basic
"
Kanye,"That's just some Ye shit
"
Kanye,"Right now, let's do what we want
"
Kanye,"Let's have a threesome: me, you, and a blunt
"
Kanye,"I love your titties 'cause they prove
"
Kanye,"I can focus on two things at once
"
Kanye,"Let me hit it raw like fuck the outcome
"
Kanye,"Ayy, none of us'd be here without cum
"
Kanye,"Ayy, if it ain't all about the income
"
Kanye,"Ayy, ayy, let me see you go ahead and spend some
"
Kanye,"Ayy, if you drivin' 'round in some Dri-Fit
"
Kanye,"Ayy, I'ma think that you the type to dry snitch
"
Kanye,"Hm, mhm, if I see you pull up with the three stripes
"
Kanye,"Ayy, ayy, I'ma fuck around and make you my bitch
"
Kanye,"I don't feel that she's mine enough
"
Kanye,"God, I feel I couldn't have you windin' up
"
Kanye,"Butterfly in my wrist
"
Kanye,"You make pretty women out of my skin
"
Kanye,"And I don't feel like
"
Kanye,"And I know you wouldn't leave
"
Kanye,"They say, ""Build your own""‚ÄîI said, ""How, Sway?""
"
Kanye,"I said, ""Slavery a choice""‚Äîthey said, ""How, Ye?""
"
Kanye,"Just imagine if they caught me on a wild day
"
Kanye,"Now I'm on fifty blogs gettin' fifty calls
"
Kanye,"My wife callin', screamin', say we 'bout to lose it all
"
Kanye,"Had to calm her down 'cause she couldn't breathe
"
Kanye,"Told her she could leave me now, but she wouldn't leave
"
Kanye,"And I sometimes wish
"
Kanye,"We doin' such things
"
Kanye,"We could wait longer than this
"
Kanye,"Yes, you know you're one of these
"
Kanye,"We can run through with the top chopped, yeah
"
Kanye,"And the sundress down, ooh
"
Kanye,"And I know you wouldn't...
"
Kanye,"Oh, don't bring that up, that's gon' get me sentimental
"
Kanye,"You know I'm sensitive, I got a gentle mental
"
Kanye,"Every time somethin' happen they want me sent to mental
"
Kanye,"We had an incident, but I cover incidentals
"
Kanye,"You want me workin' on my messagin'
"
Kanye,"When I'm thinkin' like George Jetson
"
Kanye,"But soundin' like George Jefferson
"
Kanye,"Then they questionin' my methods then
"
Kanye,"If you tweakin' out on my texts again
"
Kanye,"Then I don't get reception here
"
Kanye,"I got the mind state to take us past the stratosphere
"
Kanye,"I use the same attitude that done got us here
"
Kanye,"I live for now, I don't know what happen after here
"
Kanye,"Plus, what was meant to be was meant to be
"
Kanye,"Even if, publicly, I lack the empathy
"
Kanye,"I ain't finna talk about it, 'nother four centuries
"
Kanye,"One and one is two, but me and you, that's infinity
"
Kanye,"I don't feel like she's mine enough
"
Kanye,"She told you you's gon' fuck the money up
"
Kanye,"But you ain't wanna listen, did you?
"
Kanye,"Keep that same energy
"
Kanye,"Now you testin' her loyalty
"
Kanye,"This what they mean when they say
"
Kanye,"""For better or for worse"", huh?
"
Kanye,"For every down female that stuck with they dude
"
Kanye,"Through the best times, through the worst times
"
Kanye,"This for you
"
Kanye,"Believe it or not
"
Kanye,"Make no mistake, girl, still love you
"
Kanye,"Oh, I got dirt on my name, I got white on my beard
"
Kanye,"I had debt on my books, it's been a shaky-ass year
"
Kanye,"Let me make this clear, so all y'all see
"
Kanye,"I don't take advice from people less successful than me
"
Kanye,"Hah? Ain't no love lost, but the gloves off
"
Kanye,"And we up in this bitch until they turn the club off
"
Kanye,"Had to tell the dogs, ""Turn the snubs off!""
"
Kanye,"Plus they already mad that the Cubs lost
"
Kanye,"Too close to snipe you, truth told, I like you
"
Kanye,"Too bold to type you, too rich to fight you
"
Kanye,"Calm down, you light skin!
"
Kanye,"Some day, some day
"
Kanye,"Some day I'll, I wanna wear a starry crown
"
Kanye,"Some day, some day, some day
"
Kanye,"I wanna lay down, like God did, on Sunday
"
Kanye,"Hold up, hold up
"
Kanye,"Some day, some days, I remembered this on a Sunday
"
Kanye,"Back way, yeah, way, way, burning, mhm-mhm
"
Kanye,"Uh, some days, not gonna please everybody
"
Kanye,"Some days I wanna hit the red dot on everybody
"
Kanye,"Now that I'm livin' high, I'm smokin' marijuana
"
Kanye,"Now that I'm livin' high, I do what I wanna, oh, yeah
"
Kanye,"I've been tryin' to make you love me
"
Kanye,"But everything I try just takes you further from me
"
Kanye,"Some day we gon' set it off
"
Kanye,"Some day we gon' get this off
"
Kanye,"Baby, don't you bet it all
"
Kanye,"On a pack of Fentanyl
"
Kanye,"You might think they wrote you off
"
Kanye,"They gon' have to rope me off
"
Kanye,"Someday the drama'll be gone
"
Kanye,"And they'll play this song on and on
"
Kanye,"Sometimes I take all the shine
"
Kanye,"Talk like I drank all the wine
"
Kanye,"Years ahead but way behind
"
Kanye,"I'm on one, two, three, four, five
"
Kanye,"No half-truths, just naked minds
"
Kanye,"Caught between space and time
"
Kanye,"This not what we had in mind
"
Kanye,"But maybe some day
"
Kanye,"Woah, once again I am a child
"
Kanye,"I let it all go, of everything that I know, yeah
"
Kanye,"Of everything that I know, yeah
"
Kanye,"And nothing hurts anymore, I feel kinda free
"
Kanye,"We're still the kids we used to be, yeah, yeah
"
Kanye,"I put my hand on a stove, to see if I still bleed, yeah
"
Kanye,"Fallin', dreamin', talkin' in your sleep
"
Kanye,"I know you want to cry all night, all night
"
Kanye,"Plottin', schemin', findin'
"
Kanye,"Reason to defend all of your violent nights
"
Kanye,"Promise me you will see
"
Kanye,"Don't you grow up in a hurry, your mom'll be worried, aw
"
Kanye,"It was all part of the story, even the scary nights
"
Kanye,"Thank you for all of the glory, you will be remembered, aw
"
Kanye,"They gotta repaint the colors, the lie is wearin' off
"
Kanye,"Reality is upon us, colors drippin' off
"
Kanye,"Colors drippin' off
"
Kanye,"Father, forgive me, I'm scared of the karma
"
Kanye,"'Cause now I see women as somethin' to nurture
"
Kanye,"Not somethin' to conquer
"
Kanye,"I hope she like Nicki, I make her a monster
"
Kanye,"Not havin' m√©nages, I'm just bein' silly
"
Kanye,"I answered the door like Will Smith and Martin
"
Kanye,"Nigga, do we have a problem?
"
Kanye,"Matter fact, Marlon, this ain't Meet the Fockers
"
Kanye,"I'll beat his ass, pray I beat the charges
"
Kanye,"No, Daddy don't play, not when it come to they daughters
"
Kanye,"Don't do no yoga, don't do pilates
"
Kanye,"Just play piano and stick to karate
"
Kanye,"I pray your body's draped more like mine
"
Kanye,"And not like your mommy's
"
Kanye,"I pray that you don't get it all at once
"
Kanye,"Curves under your dress, I know it's pervs all on the net
"
Kanye,"All in the comments, you wanna vomit
"
Kanye,"That's your baby, you love her to death
"
Kanye,"Now she cuttin' class and hangin' with friends
"
Kanye,"You break a glass and say it again
"
Kanye,"She can't comprehend the danger she in
"
Kanye,"If you whoop her ass, she move in with him
"
Kanye,"Then he whoop her ass, you go through it again
"
Kanye,"But how you the devil rebukin' the sin?
"
Kanye,"Let's pray we can put this behind us
"
Kanye,"I swear that these times is the wildest
"
Kanye,"She got the scars, they serve as reminders
"
Kanye,"Blood still on her pajamas
"
Kanye,"But yesterday is dead, yeah, moment of silence
"
Kanye,"Next, she'll be off to college and then at the altar
"
Kanye,"I'm saying it like...
"
Kanye,"""I want a daughter like Nicki, aw, man, I promise
"
Kanye,"I'ma turn her to a monster, but no m√©nages""
"
Kanye,"I don't know how you saying it but, let 'em hear this
"
Kanye,"I'm tryna keep my faith
"
Kanye,"We on an ultralight beam
"
Kanye,"This is a God dream
"
Kanye,"This is everything
"
Kanye,"Deliver us serenity
"
Kanye,"Deliver us peace
"
Kanye,"Deliver us loving
"
Kanye,"We know we need it
"
Kanye,"You know we need it
"
Kanye,"That's why we need You now, oh
"
Kanye,"Pray for Paris
"
Kanye,"Pray for the parents
"
Kanye,"But I'm looking for more
"
Kanye,"Somewhere I can feel safe
"
Kanye,"And end my holy war
"
Kanye,"So why send oppression not blessings?
"
Kanye,"You persecute the weak
"
Kanye,"Don't have much strength to fight
"
Kanye,"To make these wrongs turn right
"
Kanye,"Head up high, I look to the light
"
Kanye,"Hey, 'cause I know that You'll make everything alright
"
Kanye,"And I know that You'll take good care of Your child
"
Kanye,"Oh, no longer am afraid of the night
"
Kanye,"'Cause I, I look to the light
"
Kanye,"When they come for You, I will shield Your name
"
Kanye,"I will field their questions, I will feel Your pain
"
Kanye,"No one can judge
"
Kanye,"They don't, they don't know
"
Kanye,"They don't know
"
Kanye,"Foot on the Devil's neck 'til it drifted Pangaea
"
Kanye,"I'm moving all my family from Chatham to Zambia
"
Kanye,"Treat the demons just like Pam
"
Kanye,"I mean I fuck with your friends, but damn, Gina
"
Kanye,"I been this way since Arthur was anteater
"
Kanye,"Now they wanna hit me with the woo wap, the bam
"
Kanye,"Tryna snap photos of familia
"
Kanye,"My daughter look just like Sia, you can't see her
"
Kanye,"You can feel the lyrics, the spirit coming in braille
"
Kanye,"Tubman of the underground, come and follow the trail
"
Kanye,"I made Sunday Candy, I'm never going to hell
"
Kanye,"I met Kanye West, I'm never going to fail
"
Kanye,"He said, ""Let's do a good ass job with 'Chance 3'""
"
Kanye,"I hear you gotta sell it to snatch the Grammy
"
Kanye,"Let's make it so free and the bars so hard
"
Kanye,"That there ain't one gosh darn part you can't tweet
"
Kanye,"This is my part, nobody else speak
"
Kanye,"This little light of mine
"
Kanye,"Glory be to God, yeah
"
Kanye,"I'ma make sure that they go where they can't go
"
Kanye,"If they don't wanna ride I'ma still give 'em raincoats
"
Kanye,"Know what God said when He made the first rainbow
"
Kanye,"Just throw this at the end if I'm too late for the intro
"
Kanye,"Ugh, I'm just having fun with it
"
Kanye,"I laugh in my head
"
Kanye,"'Cause I bet that my ex looking back like a pillar of salt
"
Kanye,"Ugh, 'cause they'll flip the script on your ass like Wesley and Spike
"
Kanye,"You cannot mess with the light
"
Kanye,"Look at lil' Chano from 79th
"
Kanye,"Everything
"
Kanye,"Father, this prayer is for everyone that feels they're not good enough
"
Kanye,"This prayer's for everybody that feel that they're too messed up
"
Kanye,"For everyone that feels they've said ""I'm sorry"" too many times
"
Kanye,"You can never go too far when you can't come back home again
"
Kanye,"That's why I need...
"
Kanye,"Faith, more, safe, war
"
Kanye,"You're the only power that can
"
Kanye,"Ohh, ohh, ohh, father...
"
Kanye,"If young Metro don't trust you I'm gon' shoot you
"
Kanye,"Beautiful mornin', you're the sun in my mornin', babe
"
Kanye,"Who can I turn to?
"
Kanye,"Nothin' unwanted
"
Kanye,"After all, who can I turn to?
"
Kanye,"If I don't turn to you
"
Kanye,"No other help I know, I stretch my hands
"
Kanye,"I just wanna feel liberated, I-I, na-na-na
"
Kanye,"If I ever instigated, I am sorry
"
Kanye,"Tell me who in here could relate, I-I-I
"
Kanye,"Now, if I fuck this model
"
Kanye,"And she just bleached her asshole
"
Kanye,"And I get bleach on my T-shirt
"
Kanye,"I'ma feel like an asshole
"
Kanye,"I was high when I met her
"
Kanye,"We was down in Tribeca
"
Kanye,"She'll get under your skin if you let her
"
Kanye,"She'll get under your skin if you-uh
"
Kanye,"I don't even wanna talk about it
"
Kanye,"I don't even wanna say nothin'
"
Kanye,"Everybody gon' say somethin'
"
Kanye,"I'd be worried if they said nothin'
"
Kanye,"Remind me where I know you from
"
Kanye,"She lookin' like she owe you some'n
"
Kanye,"You know just what we want
"
Kanye,"I wanna wake up with you in my...
"
Kanye,"Beautiful mornin'
"
Kanye,"Faaaaaaaa‚Äî
"
Kanye,"I told, I told, ayy-ayy, I told you
"
Kanye,"Up in the mornin', miss you bad
"
Kanye,"Sorry I ain't call you back, same problem my father had
"
Kanye,"All this time, all he had, all he had
"
Kanye,"And what he dreamed, all his cash
"
Kanye,"Market crashed, hurt him bad
"
Kanye,"People get divorced for that
"
Kanye,"Dropped some stacks, pops is good
"
Kanye,"Mama passed in Hollywood
"
Kanye,"If you ask, lost my soul
"
Kanye,"Drivin' fast, lost control
"
Kanye,"Off the road, jaw was broke
"
Kanye,"'Member we all was broke
"
Kanye,"'Member I'm comin' back
"
Kanye,"I'll be takin' all the stacks, oh
"
Kanye,"I got broads in Atlanta
"
Kanye,"Twistin' dope, lean, and the Fanta
"
Kanye,"Stacks, oh
"
Kanye,"Credit cards and the scammers
"
Kanye,"Hittin' off licks in the bando
"
Kanye,"Takin' all the stacks, oh
"
Kanye,"Black X6, Phantom
"
Kanye,"White X6 looks like a panda
"
Kanye,"Going out like I'm Montana
"
Kanye,"Hundred killers, hundred hammers
"
Kanye,"White X6, panda
"
Kanye,"Pockets swole, Danny
"
Kanye,"Sellin' bar, candy
"
Kanye,"Man I'm the macho like Randy
"
Kanye,"The choppa go Oscar for Grammy
"
Kanye,"Hope you killas understand me
"
Kanye,"Panda, panda, panda, panda
"
Kanye,"Panda, panda, panda
"
Kanye,"Twist the dope, lean and shit, sippin' Fanta
"
Kanye,"Wake up Versace, shit life Desiigner
"
Kanye,"Whole bunch of lavish shit
"
Kanye,"They be askin' 'round town who be clappin' shit
"
Kanye,"I be pullin' up stuff in the Phantom ship
"
Kanye,"I got plenty of stuff of Bugatti, whip look how I try this shit
"
Kanye,"White X6, killin' on camera
"
Kanye,"My joy
"
Kanye,"How can I find you?
"
Kanye,"Who do you turn to?
"
Kanye,"How do I bind you?
"
Kanye,"Man, I can understand how it might be
"
Kanye,"Kinda hard to love a girl like me
"
Kanye,"I don't blame you much for wanting to be free
"
Kanye,"I just wanted you to know
"
Kanye,"Swizz told me let the beat rock
"
Kanye,"I feel like me and Taylor might still have sex
"
Kanye,"I made that bitch famous
"
Kanye,"For all the girls that got dick from Kanye West
"
Kanye,"If you see 'em in the streets give 'em Kanye's best
"
Kanye,"Her man in the store tryna try his best
"
Kanye,"But he just can't seem to get Kanye fresh
"
Kanye,"Yeah, we still hood famous
"
Kanye,"I've loved you better than your own kin did
"
Kanye,"From the very start
"
Kanye,"Wake up, Mr. West! Oh, he's up!
"
Kanye,"I be Puerto Rican day parade floatin'
"
Kanye,"That Benz Marina Del Rey coastin'
"
Kanye,"She in school to be a real estate agent
"
Kanye,"Last month I helped her with the car payment
"
Kanye,"Young and we alive, whoo!
"
Kanye,"We never gonna die, whoo!
"
Kanye,"I just copped a jet to fly over personal debt
"
Kanye,"Put one up in the sky
"
Kanye,"The sun is in my eyes, whoo!
"
Kanye,"Woke up and felt the vibe, whoo!
"
Kanye,"No matter how hard they try, whoo!
"
Kanye,"We never gonna die
"
Kanye,"Get 'em!
"
Kanye,"Bam, 'ey 'ey 'ey
"
Kanye,"Bam bam, bam, bam bam dilla
"
Kanye,"Bam bam 'ey 'ey 'ey
"
Kanye,"What a bam, bam, bam bam dilla
"
Kanye,"How you feeling right now? Let me see your lighters in the air
"
Kanye,"Bam bam 'ey 'ey 'ey 'ey 'ey
"
Kanye,"What a bam
"
Kanye,"Let me see your middle finger in the air
"
Kanye,"Bam 'ey 'ey 'ey
"
Kanye,"Let me see you act up in this motherfucker
"
Kanye,"How you feelin', how you feelin', how you feelin' in this mother fucker, god damn
"
Kanye,"One thing you can't do is stop us now
"
Kanye,"Bam bam bam, bam bam dilla
"
Kanye,"Ayy, you can't stop the thing now
"
Kanye,"Man, it's way too late, it's way too late, it's way too late, you can't fuck with us
"
Kanye,"Bam bam, 'ey 'ey 'ey 'ey 'ey
"
Kanye,"Bam bam, 'ey 'ey 'ey
"
Kanye,"To the left, to the right
"
Kanye,"I wanna see everybody hands in the air like this
"
Kanye,"What a bam, bam
"
Kanye,"I loved you better than your own kin did
"
Kanye,"Ayy, ya heard about the good news?
"
Kanye,"Y'all sleeping on me, huh? Had a good snooze?
"
Kanye,"We 'bout to get this paper
"
Kanye,"Money never made me
"
Kanye,"Make me do something? Nah, can't make me
"
Kanye,"Even if the money low, can't pay me
"
Kanye,"Even if the money low, can't play me
"
Kanye,"Pablo bought a Rolie and a rottweiler
"
Kanye,"Seem like the more fame, I only got wilder
"
Kanye,"Hands up, we just doing what the cops taught us
"
Kanye,"I've been outta my mind a long time
"
Kanye,"I be saying how I feel at the wrong time
"
Kanye,"Might not come when you want but I'm on time
"
Kanye,"I can‚Äôt let these people play me
"
Kanye,"Name one genius that ain't crazy
"
Kanye,"Follow our father
"